-- phpMyAdmin SQL Dump
-- version 5.0.2
-- https://www.phpmyadmin.net/
--
-- Servidor: 127.0.0.1
-- Tiempo de generación: 13-06-2020 a las 17:35:26
-- Versión del servidor: 10.4.11-MariaDB
-- Versión de PHP: 7.4.5

SET SQL_MODE = "NO_AUTO_VALUE_ON_ZERO";
START TRANSACTION;
SET time_zone = "+00:00";


/*!40101 SET @OLD_CHARACTER_SET_CLIENT=@@CHARACTER_SET_CLIENT */;
/*!40101 SET @OLD_CHARACTER_SET_RESULTS=@@CHARACTER_SET_RESULTS */;
/*!40101 SET @OLD_COLLATION_CONNECTION=@@COLLATION_CONNECTION */;
/*!40101 SET NAMES utf8mb4 */;

--
-- Base de datos: `xbqe`
--

-- --------------------------------------------------------

--
-- Estructura de tabla para la tabla `category`
--

CREATE TABLE `category` (
  `id` int(11) NOT NULL,
  `name` varchar(255) NOT NULL
) ENGINE=InnoDB DEFAULT CHARSET=utf8mb4;

--
-- Volcado de datos para la tabla `category`
--

INSERT INTO `category` (`id`, `name`) VALUES
(15, 'Cultura'),
(16, 'Educacion'),
(17, 'Economia'),
(18, 'Informatica'),
(24, 'Sanidad'),
(26, 'Deporte'),
(27, 'Turismo'),
(33, 'Gastronomia'),
(37, 'Municipal'),
(38, 'Fiestas'),
(40, 'Futbol');

-- --------------------------------------------------------

--
-- Estructura de tabla para la tabla `news`
--

CREATE TABLE `news` (
  `id` int(11) NOT NULL,
  `title` varchar(255) CHARACTER SET utf8 COLLATE utf8_unicode_ci NOT NULL,
  `publishedAt` datetime NOT NULL,
  `description` longtext CHARACTER SET utf8 COLLATE utf8_unicode_ci NOT NULL,
  `image` varchar(255) CHARACTER SET ascii COLLATE ascii_bin DEFAULT NULL,
  `categoryId` int(11) DEFAULT NULL
) ENGINE=InnoDB DEFAULT CHARSET=latin1;

--
-- Volcado de datos para la tabla `news`
--

INSERT INTO `news` (`id`, `title`, `publishedAt`, `description`, `image`, `categoryId`) VALUES
(128, 'Las pruebas de acceso a la universidad tendrán lugar la segunda semana de julio', '2020-04-23 00:00:00', 'Las Pruebas de Acceso a la Universidad de este año tendrán lugar los días 7, 8 y 9 de julio. Así lo ha concretado la Comisión Gestora de los Procesos de Acceso y Preinscripción en las Universidades Públicas del Sistema Universitario Valenciano que también ha fijado los días 8, 9 y 10 de septiembre para llevar a cabo la segunda convocatoria.&#13;&#10;&#13;&#10;La directora general de Universidades, Pilar Ezpeleta, ha señalado que tanto la realización de estos importantes exámenes como su contenido “se ajustará a la situación excepcional que estamos viviendo para que el alumnado pueda acceder a la educación superior con todas las garantías”. Ezpeleta ha afirmado que se está trabajando «para asegurar la adecuada realización de estas pruebas y la igualdad entre todo el alumnado». No en vano, desde que se decretó el estado de alarma el 14 de marzo por la alerta sanitaria, estudiantes y profesorado han tenido que adaptar, por completo, toda su actividad educativa con el fin de seguir impartiendo las distintas materias de forma telemática. Un proceso complejo que ha exigido una gran adaptabilidad de ambas partes.&#13;&#10;&#13;&#10;Las notas de las PAU se harán públicas el 17 de julio y el plazo de revisión de las pruebas se realizará los días 18, 20 y 21 del mismo mes. Las notas definitivas se harán públicas el 24 de julio. La preinscripción universitaria se abrirá el 1 de julio y su resolución se publicará el 28 de julio.&#13;&#10;&#13;&#10;En el caso de la segunda convocatoria que tendrá lugar en septiembre, las notas de las PAU se harán públicas el 16 de septiembre y la revisión se llevará a cabo los días 17, 18 y 21. Las notas definitivas se darán a conocer el 22 de septiembre y la preinscripción en los centros universitarios se podrá formalizar entre el 14 y 21 de septiembre.&#13;&#10;&#13;&#10;En cuanto a las pruebas para mayores de 25 y de 45 años, las fechas establecidas para la realización de los exámenes son el 4 y 11 de julio y el 24 de julio para las notas definitivas.', 'PNG_transparency_demonstration_1.png', 18),
(143, 'Los hosteleros, expectantes por saber cuáles serán las condiciones para reabrir: «Si todo va bien sacaremos el verano adelante»', '2020-04-27 00:00:00', 'Nuestra reivindicación más fuerte es que cuando se cumplan las condiciones de sanidad, podamos reabrir nuestros establecimientos, y que esto sea cuanto antes&#34;, ha explicado Cristina Sellés, presidenta de AEHTMA, la Asociación de Empresarios de Hostelería de la Marina Alta. La Secretaría de Estado de Turismo está redactando los protocolos y los procedimientos que tendrán que llevarse a cabo para la reapertura, aplicables a toda España. Estos protocolos estarán consensuados por patronal, sindicatos, la Federación de Municipios y Provincias, las Comunidades Autónomas y la Conselleria de Sanidad, y se prevé que estén listos en unos 20 días. &#34;Hasta que esto no esté terminado, hemos recomendado a nuestros asociados que no hagan ningún gasto&#34; (en adaptación de locales, material de protección o cualquier otro material), indica Sellés.&#13;&#10;&#60;br&#62;&#13;&#10;    Nuestra prioridad es reabrir cuanto antes, con toda la seguridad y con el apoyo de administraciones locales y autonómicas. Estamos convencidos de que podemos hacerlo muy bien. Si la cosa funciona, podríamos sacar el verano adelante. Siendo positivos, igual el verano se alarga. Si la gente va saliendo poco a poco, puede ser que el turismo nacional venga más tarde. El dato absolutamente positivo es que no tenemos ni una cancelación en hoteles ni en alojamientos turísticos de cara al verano&#34;, dice la presidenta de los hosteleros de la Marina Alta, Crisitna Sellés.&#13;&#10;&#13;&#10;Jose Manuel Piña, presidente de la Asociación de Restauradores de Xàbia (ARX) explica que sienten mucha incertidumbre, necesitan saber cuál será la reducción del aforo o cuál será el distanciamiento social que deberá mantenerse entre personas. Mientras se conocen las medidas concretas, lanza un mensaje muy positivo: &#34;Según datos de turismo internacional, el país europeo con más reservas de vuelos a principios de año es España&#34;.&#13;&#10;Artículos relacionados&#13;&#10;La Marina Alta registra dos nuevos contagios en las últimas 24 horas&#13;&#10;27 de abril de 2020&#13;&#10;Xàbia cumple con las instrucciones de Sanidad ante la primera salida de los niños&#13;&#10;27 de abril de 2020&#13;&#10;40 nuevos contagios en la Comunitat, la cifra más baja desde el 17 de marzo&#13;&#10;27 de abril de 2020&#13;&#10;La primera salida de los niños en Benitatxell «fue ejemplar»&#13;&#10;27 de abril de 2020&#13;&#10;Nuevos tres positivos en la Marina Alta, que ya roza los 200 contagios&#13;&#10;26 de abril de 2020&#13;&#10;Los niños de Xàbia ya vuelven a disfrutar de sus calles&#13;&#10;26 de abril de 2020&#13;&#10;', 'hoteles-javea-634x363.jpg', 27),
(145, 'La cifra de fallecidos por coronavirus vuelve a superar los 300', '2020-04-27 00:00:00', 'Por segundo día consecutivo la cifra de fallecidos por coronavirus en España experimenta un ligero repunte.&#13;&#10;Según informa el Ministerio de Sanidad se han registrado 331 nuevas víctimas mortales en las últimas 24 horas, lo que supone un incremento de fallecimientos respecto al dato del domingo, cuando se registraron 288. &#13;&#10;&#13;&#10;En total han fallecido 23.521 personas y se han contagiado 209.465, tras sumar 1.831 en el día de ayer.&#13;&#10;&#13;&#10;Por comunidades autónomas, Andalucía suma 78 nuevos positivos, Aragón 30, Asturias 5, Baleares 5, Canarias 11, Cantabria 21, Castilla-La Mancha 55, Castilla y León 182, Cataluña 944, Ceuta ninguno, Comunidad Valenciana 20, Extremadura 13, Galicia 62, Madrid 295, Melilla y Murcia ninguno, Navarra 21, País Vasco 58 y La Rioja 31.&#13;&#10;En las últimas 24 horas, se han producido un total de doce decesos en Andalucía, 14 en Aragón, cuatro en Asturias, cuatro en Baleares, cero en Canarias, tres en Cantabria, 35 en Castilla-La Mancha, 24 en Castilla y León, 133 en Cataluña, cero en Ceuta, tres en Comunidad Valenciana, seis en Extremadura, 11 en Galicia, 64 en Madrid, cero en Melilla, una en Murcia, una en Navarra, once en País Vasco y 3 en La Rioja.&#13;&#10;&#13;&#10;Por su parte, 149 se han curado en Andalucía, 50 en Aragón, 10 en Asturias, 13 en Baleares, Canarias no cuenta con datos al respecto, 114 en Cantabria, 86 en Castilla-La Mancha, 64 en Castilla y León, 891 en Cataluña, 3 en Ceuta, 74 en Comunidad Valenciana, 70 en Extremadura, 13 en Galicia, 198 en Madrid, seis en Melilla, 70 en Murcia, 83 en Navarra, 238 en País Vasco y 12 en La Rioja.&#13;&#10;&#13;&#10;En total han fallecido 23.521 personas y se han contagiado 209.465, tras sumar 1.831 en el día de ayer&#13;&#10;&#13;&#10;Con respecto al número de casos que han precisado de hospitalización, Andalucía ha añadido 20, Aragón 8, Asturias 24, Baleares ninguno, Canarias uno, Cantabria cuatro, Castilla-La Mancha 27, Castilla y León 50, Cataluña 134, Ceuta 0, Comunidad Valenciana 19, Extremadura 10, Galicia 11, Madrid no aporta datos, Melilla 0, Murcia 0, Navarra 0, País Vasco 31 y La Rioja 12.&#13;&#10;&#13;&#10;En nuevos ingresos en UCI, Andalucía ha agregado cuatro, Aragón ninguno, Asturias tres, Baleares cero, Canarias cero, Cantabria cero, Castilla-La Mancha 14, Castilla y León 3, Cataluña 141, Ceuta cero, Comunidad Valenciana 2, Extremadura cero, Galicia y Madrid no dan datos, Melilla cero, Murcia cero, Navarra uno, País Vasco cinco y La Rioja uno.', 'covid.jpg', 24),
(164, 'Masymas venderá mascarillas higiénicas', '2020-06-01 00:00:00', 'A partir del sábado 23 de mayo&#13;&#10;&#13;&#10;Supermercados Masymas, marca bajo la que opera distribuidora Juan Fornés Fornés, S.A., comercializará mascarillas higiénicas a partir del sábado 23 en toda su red comercial.&#13;&#10;&#13;&#10;En concreto, ofertará dos tipos de mascarillas en packs de 5 unidades: reutilizables y de un solo uso. Las reutilizables son de confección nacional y cuentan con la especificación Une 0065/2020. Su precio será de 9’90 euros, mientras que las desechables estarán a la venta por 3,50 euros. Para mayor comodidad de los clientes, estarán en la línea de cajas.&#13;&#10;&#13;&#10;Por otra parte, a partir del lunes 25, la cadena amplía su horario de cierre hasta las 21,30 horas una vez que ya se ha normalizado el ritmo de afluencia de los clientes, aunque, por supuesto, mantendrá el control del aforo en las tiendas y el resto de medidas de seguridad adicionales implantadas desde el pasado 14 de marzo; como el reforzamiento de la limpieza o el suministro de guantes y geles hidroalcohólicos, entre otras. Igualmente, mantiene las recomendaciones de guardar la distancia de seguridad, que la compra la realice una sola persona o que se pague preferiblemente con tarjeta.&#13;&#10;&#13;&#10;Juan Fornés Fornés S.A., con sede en Pedreguer (Alicante), es la tercera cadena valenciana de supermercados en cuanto a facturación y red comercial, con algo más de 300 millones de euros en ventas en el último ejercicio, 126 establecimientos repartidos por toda la Comunidad Valenciana y Región de Murcia y una plantilla que supera los 2.500 empleados.', 'masymas.jpg', 27),
(165, 'LaLiga volverá el viernes 12 de junio con el Sevilla FC - Real Betis', '2020-05-22 00:00:00', 'Según ha anunciado El Partidazo de la Cope, la Liga volverá el próximo viernes12 de junio con un plato fuerte, el derbi entre el Sevilla y el Betis en el Ramón Sánchez Pizjuan, probablemente a las 21:00 horas. Asimismo, también adelantó que el próximo 28 de mayo LaLiga piensa comunicar todo el calendario a los clubes. Se cumplen así los deseos del presidente de LaLiga, Javier Tebas, que había señalado esa fecha como el punto de partida idóneo para tener margen suficiente de que se disputen las once jornadas que restan para terminar el campeonato.&#13;&#10;&#13;&#10;LaLiga había decidido que el derbi sevillano era el mejor partido para reanudar la competición después de tres meses sin fútbol. La evolución de las distintas fases de la desescalada y los resultados de los test a los que se han sometido los jugadores han propiciado que LaLiga pueda regresar el 12 de junio y que no haya que esperar más, aunque LaLiga contemplaba que pudiera iniciarse más tarde.&#13;&#10;A tal efecto, el director deportivo del Sevilla F.C., Monchi, ya manifestó días atrás que estaría muy satisfecho de que el derbi diera el pistoletazo de salida a la Liga: &#34;Estamos todos con el mono y es lo que todos queremos&#34;, afirmó Monchi, quien considera que el derbi sevillano que deben disputar el Sevilla F.C. y el Real Betis en el Ramón Sánchez-Pizjuán, lamentablemente sin público, es el mejor escaparate para el retorno de LaLiga: &#34;No hay mejor portada que un derbi sevillano, Sevilla-Betis, Betis-Sevilla, será un aliciente más&#34;.', 'sport.jpg', 26),
(166, 'El Barça consigue desbloquear la renovación de Ter Stegen', '2020-05-22 00:00:00', 'La renovación estratégica de Ter Stegen por el Barça comienza a encaminarse. Tras unas semanas de dudas, en las que la postura negociadora del portero fue muy dura en lo económico, parece que las aguas han vuelto a su cauce y se estaría ya avanzando para llegar a un acuerdo. El Barça quiere finiquitar su deseada renovación y ampliación de contrato antes de que se vuelva a competir y todo indica que podría haber acuerdo en este mes de junio. El alemán renovaría hasta el 2025 y mejoraría su ficha pasando a ser uno de los futbolistas mejor pagados de la plantilla.&#13;&#10;El Barça encaró la renovación de Ter Stegen como absolutamente prioritaria. El alemán acababa contrato en el 2022 y el club se puso manos a la obra desde el pasado mes de diciembre para sentar las bases de un acuerdo. En los últimos meses ha habido un mínimo de seis reuniones entre las partes, pero el acuerdo parecía inalcanzable dadas las pretensiones económicas del alemán y las dos partes decidieron paralizar las conversaciones durante un tiempo a causa de la crisis del coronavirus. De hecho, el Barça le hizo ver que las condiciones no podrían ser las mismas, ya que el mundo del fútbol sufrirá un impacto económico bestial esta y la próxima temporada y el margen de maniobra quedaba limitado.&#13;&#10;&#13;&#10;Ter Stegen siempre había priorizado al Barça a pesar de que varios equipos se habían acercado a su entorno para preguntar cuál iba a ser su decisión. El Barça no temía una salida inmediata porque su cláusula es de 180 millones de euros, pero sí que había un peligro en junio del 2021 al quedarle un solo año de contrato. El alemán, a pesar de los cantos de sirena de varios clubs top de Europa, nunca habló con nadie que no fuera el Barça ya que su intención pasaba por quedarse. Está muy a gusto en Barcelona y ya tiene claro que el club blaugrana va a forjar un proyecto ganador para el futuro. Solo quedaba pactar la parte económica.&#13;&#10;&#13;&#10;En las recientes y últimas conversaciones entre el Barça y el agente del jugador, las posturas se han ido acercando. Ter Stegen entiende la dificultad del momento y está dispuesto a pactar una cifra global de contrato en la que comenzaría a cobrar algo más de lo que está percibiendo ahora para subir de forma progresiva hasta el 2025. La negociación sobre esa cifra definitiva es lo que se está hablando ahora para desencallar los últimos flecos de lo que puede ser un contrato importante.&#13;&#10;&#13;&#10;De hecho, el Barça le ha dejado claro por activa y por pasiva que va a ser uno de los jugadores franquicia del club en las próximas cinco temporadas. Y se le va a valorar como tal. El club cree que cuenta con uno de los mejores porteros del mundo y su proyección le hará aún un guardameta mucho más determinan te. La apuesta deportiva y económica que harán es una clara muestra de confianza que Ter Stegen valora,. También ha sido clave para el alemán la planificación deportiva de cara a las próximas temporadas. El portero se había mostrado crítico con el rendimiento del equipo, pero está plenamente convencido de que se va a forjar un royecto para luchar por todos los títulos con solvencia.&#13;&#10;&#13;&#10;En el Barça, ahora el optimismo para atar la contunuidad del alemán es total. Las dos partes van a mantener reuniones la próxima semana y esperan que el esquema del nuevo contrato pueda pactarse antes de que el Barça reanude la Liga. El alemán ya está en disposición a ello y el acuerdo daría mucha más tranquilidad a todas las partes para frontar este final atípico de temporada. El Barça está ya más cerca de cerra', 'terestegen.jpg', 40),
(167, 'El coronavirus también se lleva por delante las fiestas de la Mare de Déu de Loreto', '2020-05-22 00:00:00', 'La Comissió de Festes Mare de Déu de Loreto ha anunciado en su perfil de facebook la decisión de suspender las fiestas de este año como consecuencia de la actual situación de emergencia sanitaria por el coronavirus, y como medida de prevención y prudencia.&#13;&#10;&#13;&#10;Con esta cancelación solo se celebrará en Xàbia en el puente de octubre uno de los eventos festivos del extenso programa del municipio. Las Fogueres de Sant Joan que fueron aplazadas de junio al puente de octubre del 8 a 12.', 'loreto.jpg', 38),
(168, 'Los centros educativos de Xàbia se preparan para abrir el periodo de admisión', '2020-05-22 00:00:00', 'Con la proximidad de junio, los centros educativos están encarando la recta final del curso y se preparan para abrir el periodo de admisión de futuros alumnos y alumnas que, o bien inician su escolarización o continúan su aprendizaje.&#13;&#10;&#13;&#10;A pesar de las circunstancias actuales, las escuelas están preparando todo un protocolo con el fin de que los padres y madres puedan contactar con los colegios para conocer cómo es su forma de trabajar y sus instalaciones (aunque no pueda realizarse la habitual jornada de puertas abiertas) y así elegir el mejor centro que se adapte a sus necesidades e intereses.&#13;&#10;&#13;&#10;En el caso de Infantil y Primaria, el periodo de admisión y presentación de solicitudes se realizará del 8 al 16 de junio y el proceso se llevará a cabo de forma telemática. Las dos semanas restantes de junio se dedicarán a las duplicidades (22-26 de junio) y baremos (17-26 de junio). Las listas provisionales saldrán publicadas el 1 de julio y, hasta el día 3, se podrán realizar las reclamaciones oportunas. Los listados definitivos saldrán publicados el 10 de julio y la matrícula se llevará a cabo del 13 al 29 de julio.&#13;&#10;&#13;&#10;Los contactos y páginas web de los centros educativos locales son: CEIP Arenal (96 646 71 00), CEIP Graüll (96 642 88 85), Colegio María Inmaculada (96 579 11 70), CEIP Port de Xàbia (96 642 88 60), CEIP Trenc d’Alba (96 642 88 70) y CEIP Vicente Tena-Mediterrània (96 642 88 30)&#13;&#10;&#13;&#10;El alumnado de Secundaria y Bachillerato podrá presentar sus solicitudes, de forma telemática, del 17 al 25 de junio. Las duplicidades y baremos se realizarán entre el 26 de junio y 1 de julio y la revisión de los requisitos académicos que acrediten al alumno o alumna hasta el 3 de julio. Las listas provisionales saldrán publicadas el 15 de julio y, hasta dos días después, podrán realizarse las reclamaciones oportunas. Las listas definitivas se darán a conocer el 27 de julio y la matrícula se llevará a cabo del 28 a 31 de julio y el 1 y 2 de septiembre.&#13;&#10;&#13;&#10;En el caso de la Formación Profesional Básica, el periodo de admisión y presentación de solicitudes se realizará del 17 al 25 de junio y el proceso también se llevará a cabo de forma telemática. Las duplicidades serán el 7 y 8 de julio y los baremos del 26 de junio al 2 de julio. Los requisitos académicos pertinentes podrán presentarse hasta el 3 de julio y las listas provisionales saldrán publicadas el 13 de julio y, hasta el día 15, se podrán realizar las reclamaciones oportunas. Los listados definitivos serán publicados el 21 de julio y la matrícula podrá realizarse del 22 al 28 de julio.&#13;&#10;&#13;&#10;En cuanto a los Ciclos Formativos de Grado Medio y Superior, las solicitudes se podrán entregar telemáticamente entre el 17 y 25 de junio. Las duplicidades se llevarán a cabo del 6 al 8 de julio y los baremos del 26 de junio al 2 de julio. Los requisitos académicos podrán entregarse hasta el 14 de julio. Las listas provisionales de admitidos se darán a conocer el 20 de julio y, hasta dos días después, podrán realizarse las reclamaciones correspondientes. Las listas definitivas saldrán el 29 de julio y la matriculación se podrá formalizar del 1 al 9 de septiembre.', 'edxabia.jpg', 16),
(169, 'Duanes saca a la calle lo mejor de su gastronomía en una nueva edición de La Mar de Tapas', '2020-05-22 00:00:00', 'La gastronomía es uno de los principales atractivos de Xàbia. Prueba de ello son las continuas demostraciones populares que se realizan de su versatilidad siendo siempre sinónimo de éxito. El fin de la época estival trae consigo la octava edición de La Mar de Tapas, una ruta culinaria más que consolidada en el municipio, con un marcado carácter marinero y que tiene lugar en un enclave único como es Duanas de la Mar.&#13;&#10;&#13;&#10;Este año, la cita será el próximo fin de semana del 11, 12 y 13 de octubre. Desde la asociación de comerciantes de Xàbia Port se han propuesto no bajar el listón de anteriores ediciones “y mantener el nivel” adquirido estos últimos años. Esto se traduce en veintidós propuestas gastronómicas diferentes, seis alternativas distintas de copeo, tres pequeñas actuaciones musicales (viernes en la calle Andrés Lambert, sábado en la Plaza Adolfo Suárez y domingo en la Placeta de Maruja Varó) y la recuperación del concurso a la Mejor Tapa que incentivará aún más la ruta de tapeo. Además de otros alicientes como animaciones infantiles y el mercadillo de artesanía de autor.', NULL, 33),
(170, 'La Xabiera exhibe el comercio local en la primera gran tienda online del municipio', '2020-05-22 00:00:00', 'Las asociaciones de comerciantes de Xàbia Històrica y Xàbia Port se adentran en el universo del mercado digital con La Xabiera, un espacio online que tiene como objetivo reunir a empresarios y firmas de ambas entidades y convertirse en un gran foro que potencie, aún más, el principal aliciente que caracteriza al comercio local: la proximidad.&#13;&#10;&#13;&#10;El proyecto arranca con casi una veintena de tiendas y establecimientos de todo tipo. Los comercios que ya están presentes han elegido algunos de sus artículos más singulares y los han puesto a la venta a través de La Xabiera con precios especiales a modo de promoción.&#13;&#10;&#13;&#10;Cande Ros y Raúl Caselles, presidentes de las dos asociaciones coinciden en señalar que se trata de una “herramienta fundamental que hay que mantener activa porque las compras online son muy habituales y se han acrecentado durante el confinamiento”.', 'xabiera.jpg', 17),
(171, 'Gran éxito de la fiesta en honor a Estellés', '2020-05-22 00:00:00', 'Cerca de medio centenar de personas se reunieron el viernes en el riurau dDBC##1Arnauda para celebrar la IV edición de la Festa Estellés a Xàbia que organiza el colectivo de Gent inquieta de Xàbia.&#13;&#10;&#13;&#10;El acto se dividió en dos partes, la primera con versos de Joan Vinyoli, que este año celebra su centenario, en el que se pudieron escuchar piezas como el «El bany», «Sum Lacrimae rerum», «En bona companyia», «Elegia de Vallvidriera» entre otros.&#13;&#10;&#13;&#10;A continuación, el Grup de Danses del Portitxol interpretó un fragmento del espectaculo «Cantant y ballant a Estellés: el poeta del poble» que dio entrada a la segunda parte del recital dedicada a Vicent Andrés Estellés. En esta parte numerosos vecinos recitaron los poemas más destacados del poeta valenciano como » Cançoneret de Ripoll», «40 anys de cul», «El vi», «Calcuta», «IV sonet mallorquí», «La rosa de paper», «Ací en pariren, ací estic», «El lleó»,»Com hi ha el fill», «Les nits que van fent la nit», que fue recitada a dos voces y en dos lenguas valenciano e ingles. &#13;&#10;&#13;&#10;Tras la lectura de poemas se celebró una cena de sobaquillo en el riurau. ', NULL, 15),
(178, 'Los amarristas del Puerto de Xàbia agradecen su nuevo pantalán pero siguen exigiendo mejoras en la escollera', '2020-06-09 00:00:00', 'La asociación de usuarios de Amarres Públicas de Xàbia (PUX) ha mostrado su agradecimiento a la Conselleria de Obras Públicas por la renovación de los pantalanes en los que amarran sus embarcaciones, pero siguen insistiendo en la necesidad de más actuaciones en la escollera del faro verde, entre otras, la instalación de medidas de seguridad para evitar los robos.&#13;&#10;&#13;&#10;XAD contactó con PUX con el fin de conocer su valoración de estas obras que ha acometido la dirección general de Puertos en el pantalán del muelle público (el más próximo a la lonja) y que permitirá reciclar los pantalanes viejos para su reutilización en la escollera del faro verde, donde los propietarios de barcas las amarran a los norays.&#13;&#10;&#13;&#10;Estas renovaciones en el pantalán destacaron desde la asociación tuvieron que agilizarse «con carácter de urgencia» tras el paso de la borrasca Gloria por Xàbia el pasado 20 de enero. Ese temporal dejó graves desperfectos en el conjunto del puerto, -tanto en el parte pública, como el área que gestiona el Club Náutico- y la Generalitat ha intervenido ahora en la primera. Con la instalación de un pantalán y una rampa de acceso totalmente nuevas. Mientras, el Club Náutico también ha acometido diversas actuaciones en sus instalaciones y pantalanes.', 'pantalan.jpg', 37),
(179, 'Pedreguer, Ondara y Gata piden una reunión a Fomento para resolver los desvíos en la antigua salida de la AP-7', '2020-06-09 00:00:00', 'Los alcaldes de Gata de Gorgos, Pedreguer y Ondara han pedido al Ministerio de Fomento una reunión para analizar los problemas que produce en la movilidad la eliminación del desvío dirección a Alicante en la antigua salida de la AP-7 en Ondara.&#13;&#10;&#13;&#10;&#13;&#10;Tras la finalización de la concesión con Aumar para la autopista AP-7 el Ministerio de Fomento ha realizado diversas obras para eliminar las instalaciones de cobro de peajes. En el caso de Ondara esa eliminación de las casetas ha llevado consigo una modificación de la circulación: Hasta ahora antes del peaje cuando se iba digamos en dirección ‘Salida de la Marina Alta dirección Alicante-Valencia’ se podía uno desviar poco antes las casetas para coger dirección Alicante por la N-332. Ahora ese desvío ha sido cerrado y el Ministerio ha pintado una doble línea roja. Por tanto, aquellos conductores que van saliendo de la Marina Alta en dirección Alicante y quieren ir a Gata de Gorgos, Ondara, Pedreguer (o otras localidades de la comarca) deben ir hasta Benissa o Oliva para salir de la autopista y volver por la N-332 hasta su destino.&#13;&#10;&#13;&#10;&#13;&#10;&#13;&#10;Ante este caos, el Ayuntamiento de Pedreguer ya elevó una solicitud al Ministerio de Fomento que iba acompañada por un informe del Jefe de la Policía Local en la que explicaba con toda clase de detalles técnicos este desvío eliminado. Igualmente el de Ondara trató la cuestión en una visita que tuvo hace unas semanas de los propios técnicos de Carreteras del Ministerio, una visita que en principio era para debatir otras cuestiones pero en la que también se puso sobre la mesa esta modificación.&#13;&#10;&#13;&#10;&#13;&#10;&#13;&#10;También se ha abierto un frente político y tanto Ciudadanos como Compromís, anunciaron iniciativas en el Senado para que el ministro de Fomento, el valenciano José Luis Ábalos, se pronuncie sobre este asunto.&#13;&#10;&#13;&#10;&#13;&#10;&#13;&#10;Pero con el fin de incrementar la presión sobre el ministro, los tres alcaldes, Joan Frances Signes (Gata de Gorgos), Sergi Ferrús (Pedreguer) y José Ramiro (Ondara), han firmado un escrito que han presentado en el Ministerio para provocar una reunión y que los responsables políticos del Ministerio expliquen las motivaciones técnicas de la decisión.&#13;&#10;&#13;&#10;&#13;&#10;&#13;&#10;En su misiva, según informa el Ayuntamiento de Pedreguer, le instan a buscar una solución definitiva a la movilidad desde la CV-725 (la salida que conecta con la autopista) a la N-332 en dirección Alicante “y la posterior ejecución de la misma”. Además, apuestan porque “mientras se ejecuta la solución definitiva habilitar una solución provisional que podría pasar por una de las rotondas que se describen en los informes policiales o cualquier otra solución viable”.', 'l.jpg', 27),
(180, 'Benitatxell culmina la ruta senderista de todo su litoral con la unión del Morro Roabit y la cala dels Testos', '2020-06-10 00:00:00', 'El Poble Nou de Benitatxell ha creado una nueva ruta senderista que permite disfrutar del bello paisaje natural que conforman los acantilados de su recortada y escarpada costa. Se trata de un nuevo trazado hasta el Morro del Roabit que conecta con la cala dels Testos. La adecuación de esta nueva senda ha supuesto una inversión de 27.643,66 euros cuyo 65% proviene de una subvención de la Conselleria de Turismo que fue aprobada en agosto del año pasado.&#13;&#10;&#13;&#10;El haber incidido en este paraje no es arbitrario ya que, dicho lugar, posee una impresionante panorámica con el Cabo de la Nao y la Isla del Descubridor al norte y el Morro Falquí y el Cap d’Or al sur. Un conjunto litoral de Xàbia y Benitatxell de gran impacto geográfico. Además, la intervención ha permitido mejorar y hacer más transitable el acceso que conduce hasta la cala dels Testos e instalar paneles informativos que explican las características de la ruta en varios idiomas.&#13;&#10;&#13;&#10;Este nuevo itinerario supone la culminación de la red senderista que une todo el litoral poblero de norte a sur desde el Roabit, pasando por la cala dels Testos y el Moraig hasta llegar a la cala Llebeig.', 'Cala-dels-Testos.jpg', 37),
(181, 'A Coutinho se le cierran las puertas del Chelsea', '2020-06-10 00:00:00', 'El futuro de Philippe Coutinho sigue en una encrucijada. El atacante brasileño, lesionado y sin participar ahora mismo en la recta final de la Bundesliga con el Bayern, regresará al Barça de su cesión este verano y continúa sin saber qué le depara la próxima temporada. &#39;Cou&#39; ya ha manifestado por medio de su agente, Kia Joorabchian, que tiene intenciones de regresar a la Premier League más pronto que tarde.', NULL, 40),
(182, 'Eto&#39;o: &#34;Lautaro lo está haciendo bien, pero hay que respetar a Luis Suárez&#34;', '2020-06-10 00:00:00', 'Samuel Eto&#39;o, ex jugador camerunés del Barça, reclamó que el entorno del club valore y respete la trayectoria y la jerarquía de Luis Suárez, pese a los intentos del club de fichar al argentino Lautaro Martínez como su teórico sucesor.&#13;&#10;10/06/2020&#13;&#10;&#13;&#10;Act. a las 20:38 CEST&#13;&#10;&#13;&#10;0&#13;&#10;&#13;&#10;Entrevistado en el programa &#39;Tot Costa&#39; de Catalunya Ràdio, el camerunés recordó que Suárez está &#34;escribiendo una historia increíble&#34; en el Barça.&#13;&#10;&#13;&#10;&#34;A mí me encanta Suárez&#34;, dijo Eto&#39;o, &#34;es uno de los mejores del mundo en su posición&#34;.&#13;&#10;&#13;&#10;Sobre la posibilidad de fichar a Lautaro del Inter, Eto&#39;o admitió que &#34;el Barça siempre se tiene que reforzar, pero tampoco hay que bajarle los galones a un general como Luis Suárez: en su posición es un general y no se le puede comparar con nadie&#34;.', 'lautaro1.jpg', 40),
(183, 'Pedreguer, Ondara y Gata piden una reunión a Fomento para resolver los desvíos en la antigua salida de la AP-7', '2020-06-10 00:00:00', 'Los alcaldes de Gata de Gorgos, Pedreguer y Ondara han pedido al Ministerio de Fomento una reunión para analizar los problemas que produce en la movilidad la eliminación del desvío dirección a Alicante en la antigua salida de la AP-7 en Ondara.&#13;&#10;&#13;&#10;&#13;&#10;Tras la finalización de la concesión con Aumar para la autopista AP-7 el Ministerio de Fomento ha realizado diversas obras para eliminar las instalaciones de cobro de peajes. En el caso de Ondara esa eliminación de las casetas ha llevado consigo una modificación de la circulación: Hasta ahora antes del peaje cuando se iba digamos en dirección ‘Salida de la Marina Alta dirección Alicante-Valencia’ se podía uno desviar poco antes las casetas para coger dirección Alicante por la N-332. Ahora ese desvío ha sido cerrado y el Ministerio ha pintado una doble línea roja. Por tanto, aquellos conductores que van saliendo de la Marina Alta en dirección Alicante y quieren ir a Gata de Gorgos, Ondara, Pedreguer (o otras localidades de la comarca) deben ir hasta Benissa o Oliva para salir de la autopista y volver por la N-332 hasta su destino.&#13;&#10;&#13;&#10;&#13;&#10;&#13;&#10;Ante este caos, el Ayuntamiento de Pedreguer ya elevó una solicitud al Ministerio de Fomento que iba acompañada por un informe del Jefe de la Policía Local en la que explicaba con toda clase de detalles técnicos este desvío eliminado. Igualmente el de Ondara trató la cuestión en una visita que tuvo hace unas semanas de los propios técnicos de Carreteras del Ministerio, una visita que en principio era para debatir otras cuestiones pero en la que también se puso sobre la mesa esta modificación.&#13;&#10;&#13;&#10;&#13;&#10;&#13;&#10;También se ha abierto un frente político y tanto Ciudadanos como Compromís, anunciaron iniciativas en el Senado para que el ministro de Fomento, el valenciano José Luis Ábalos, se pronuncie sobre este asunto.&#13;&#10;&#13;&#10;&#13;&#10;&#13;&#10;Pero con el fin de incrementar la presión sobre el ministro, los tres alcaldes, Joan Frances Signes (Gata de Gorgos), Sergi Ferrús (Pedreguer) y José Ramiro (Ondara), han firmado un escrito que han presentado en el Ministerio para provocar una reunión y que los responsables políticos del Ministerio expliquen las motivaciones técnicas de la decisión.&#13;&#10;&#13;&#10;&#13;&#10;&#13;&#10;En su misiva, según informa el Ayuntamiento de Pedreguer, le instan a buscar una solución definitiva a la movilidad desde la CV-725 (la salida que conecta con la autopista) a la N-332 en dirección Alicante “y la posterior ejecución de la misma”. Además, apuestan porque “mientras se ejecuta la solución definitiva habilitar una solución provisional que podría pasar por una de las rotondas que se describen en los informes policiales o cualquier otra solución viable”.', 'autopistas.jpg', 17),
(184, 'Un grupo de vecinos de Xàbia crea una plataforma contra la tecnología 5G', '2020-06-10 00:00:00', 'Un grupo de personas se ha unido en Xàbia con el fin de trasladar públicamente su preocupación la tecnología 5G y los posibles efectos adversos que para la salud tiene esta tecnología de las comunicaciones.&#13;&#10;&#13;&#10;Bajo el nombre de Plataforma Ciudadana Stop 5G Jávea pretenden mentalizar a la opinión pública de estos efectos y así conseguir que las autoridades competentes denieguen los permisos a estas antenas hasta que no se «demuestre con estudios científicos y sanitarios independientes a los que han realizado las propias compañías de telecomunicaciones y el propio Gobierno de la Nación, que dicha tecnología es 100% inocua para la salud».&#13;&#10;&#13;&#10;Tras surgir en pleno confinamiento este grupo de personas han podido reunirse de forma presencial esta semana y han apostado por trasladar un manifiesto sobre el 5G en el que incluyen una recopilación de las diferentes leyes que ampara las antenas, así como aquellas con las que chocarían, una de ellas la propia Constitución de 1978.&#13;&#10;&#13;&#10;El grupo pretende difundir este manifiesto y entre sus acciones pretende promover una recogida de firmas para reunir más apoyos contrarios a la implantación de esta tecnología, que produce una gran contaminación electromagnética producida por las emisiones de las radiofrecuencias de las antenas. ', NULL, 18),
(185, 'Una mirada al pasado: Las fiestas a Jesús Nazareno tras «proteger» a Xàbia de cuatro pandemias en el siglo XIX', '2020-06-10 00:00:00', 'No ha podido ser. Jesús Nazareno no está aguardando en la parroquia de San Bartolomé hasta el momento de ser acompañado hasta el Calvario. La prevención y el decreto del estado de alarma han hecho que la imagen aguarde paciente en su morada de cúpula azul y que el municipio haya quedado privado de poder ver recorrer las calles del Centro Histórico a quien es su “amable protector”. Con mayo dando la bienvenida (este año, menos efusivamente que otras veces), parece que Xàbia se haya sumergido, al igual que todo el país, en una especie de letargo que sólo despierta y rompe en júbilo a las 20h y que ha aparcado cualquier recuerdo de jolgorio previo. Jolgorio en el que ahora se hallaría el municipio en circunstancias normales.&#13;&#10;&#13;&#10;Pero es el tiempo de Jesús Nazareno y rememorar la historia de Xàbia permite valorar, aún más, aquello que ha marcado la personalidad y la identidad de la villa hasta forjar su idiosincrasia actual. Porque las raíces de un pueblo crecen con el devenir de sus acontecimientos y el paso del tiempo. Y son sus festividades más ancestrales, las que traen al presente un eco de ese pasado que ha configurado el carácter de sus gentes. Rememorar las tradiciones, cuidarlas y vivirlas; es hacer honor a ese ayer transformador del presente.&#13;&#10;&#13;&#10;Por eso, en XAD, proponemos mirar al pasado y viajar en el tiempo hasta las fiestas de Jesús Nazareno de antaño y recordar cómo, fruto de la adversidad, la estima del municipio por la imagen aumentó junto a una profunda fe por ella. La figura de Jesús Nazareno está íntimamente ligada a la salud y a la lucha contra las pandemias. De ahí que su historia local cobre especial y singular relevancia ante la situación que se está viviendo y más estos días en los que se celebrarían sus fiestas.', NULL, 38),
(186, 'Puig: «La Comunitat está preparada para afrontar la temporada como un destino seguro y capaz de competir»', '2020-06-10 00:00:00', 'El president de la Generalitat, Ximo Puig, ha subrayado en un comunicado que la Comunitat Valenciana está preparada para afrontar la temporada turística y la llegada de visitantes internacionales a partir del 1 de julio con todas las garantías de un destino seguro y capaz de competir.&#13;&#10;&#13;&#10;El responsable del Consell ha realizado estas declaraciones a los medios de comunicación en una visita al aeropuerto de Alicante-Elche, en la que ha estado acompañado de la delegada del Gobierno en la Comunitat Valenciana, Gloria Calero, y donde ha conocido de primera mano los nuevos protocolos de salud y seguridad de las llegadas de personas.&#13;&#10;&#13;&#10;Al acto ha asistido también el conseller de Política Territorial, Obras Públicas y Movilidad, Arcadi España; la directora del aeropuerto alicantino, Laura Navarro, y el presidente provincial de Cruz Roja, Francisco Galvañ.&#13;&#10;&#13;&#10;En su primera visita a Alicante desde la declaración del estado de alarma efectuada a mediados de marzo por la pandemia de COVID-19, el president ha subrayado que la temporada turística «no está perdida», puesto que la Comunitat Valenciana cuenta con «una planta turística y hotelera extraordinaria» y ha dispuesto todo lo necesario para garantizar la seguridad sanitaria.&#13;&#10;&#13;&#10;Puig ha destacado que la «prudencia» con la que ha actuado la Comunitat Valenciana, que ha pedido su pase a la fase 3 a partir del 15 de junio, le ha permitido contar con un «alto nivel» de control de la pandemia y estar en condiciones de ofrecer las «vacaciones seguras y dignas» que se merecen los ciudadanos y ciudadanas.&#13;&#10;&#13;&#10;El president ha subrayado que, a partir del mismo lunes, 15 de junio, cuando previsiblemente la Comunitat Valenciana entre en la fase 3, se permitirá la movilidad entre las provincias, y ha agregado que el paso siguiente, para el que no se ha fijado todavía una fecha, será plantear la movilidad con comunidades limítrofes que estén también en la fase 3, siempre de acuerdo con ellas. Este segundo paso se propondrá «lo más rápidamente posible» y «de acuerdo con los indicadores» de carácter sanitario, ha subrayado Puig.', NULL, 17),
(187, 'Los exámenes de junio de Grado y Máster de la UNED Dénia serán online', '2020-06-10 00:00:00', 'Los alumnos del Centro de UNED Dénia realizará sus exámenes 100% online bajo un sistema informático propio.La convocatoria de junio para los exámenes de Grado y Máster tendrá lugar a lo largo de dos semanas, del 15 al 19 y del 22 al 26 de junio.&#13;&#10;&#13;&#10;La convocatoria de estos exámenes está condicionada, han indicado desde el Centro, por la situación sociosanitaria del país provocada por el COVID-19, que ha obligado a transformar las habituales pruebas presenciales en un sistema de evaluación no presencial.&#13;&#10;&#13;&#10;Todo un reto que, gracias a la calidad y solidez de su estructura informática, la UNED ha desarrollado su propio sistema de evaluación online (AvEx) que permitirá que se celebren, a nivel nacional e internacional, más de doscientos mil exámenes online de manera sincrónica, asegurando así la calidad y el rigor que caracterizan el habitual sistema de evaluación presencial.&#13;&#10;&#13;&#10;La aplicación AvEx estará abierta en modo “demo” hasta el 12 de junio para que los estudiantes puedan probarla y familiarizarse con ella.&#13;&#10;&#13;&#10;El calendario completo de los exámenes con los días y las horas de cada una de las asignaturas de Grados y Másteres oficiales ya está disponible para su consulta online en la página web del C.A. UNED Dénia. Como es habitual, el alumnado encontrará también toda la información en su espacio personal del campus digital.&#13;&#10;&#13;&#10;El plazo de preinscripción para los Másteres y Programas de Doctorado 2020-2021 ya está abierto. El período de preinscripción para los másteres se prolongará hasta el 8 de julio exceptuando el “Máster en Psicología General Sanitaria”, el “Máster en Formación del Profesorado de Educación Secundaria Obligatoria y Bachillerato, Formación Profesional y Enseñanza de Idiomas” y el “Máster en Investigación en Inteligencia Artificial”. El plazo de preinscripción de los Programas de Doctorado se extenderá del 1 al 30 de junio.&#13;&#10;&#13;&#10;Toda la información sobre la formación y las actividades de la UNED en el Centro Asociado de Dénia se puede obtener en la Secretaría del C.A. UNED Dénia de manera presencial bajo cita previa, en nuestra página web www.uneddenia.es y/o escribiendo a info@denia.uned.es (Dénia), info@benidorm.uned.es (Benidorm) e info@javea.uned.es (Xàbia) o bien llamando al teléfono 965781754 (Dénia), 965858226 (Benidorm) y 669841642 (Xàbia).', NULL, 16),
(188, 'Marcha mora para acompañar a un vecino de El Verger tras 71 días en la UCI', '2020-06-10 00:00:00', 'El personal sanitario del Hospital de Dénia ha rendido un homenaje muy especial al último paciente que estaba ingresado en la UCI por coronavirus. &#13;&#10;&#13;&#10;Este paciente, miembro de una de las filaes moras y cristianas de El Verger, ha salido de la unidad de cuidados intensivos a ritmo de una marcha mora, con el personal sanitario en formación y desfilando. El paciente, tras 71 días de lucha contra el coronavirus ha logrado salir de los cuidados intensivos. Ha hecho de capitán de la escuadra sanitaria.&#13;&#10;&#13;&#10;', 'pacienteElVergerUCI.jpg', 24);

-- --------------------------------------------------------

--
-- Estructura de tabla para la tabla `user`
--

CREATE TABLE `user` (
  `id` int(11) NOT NULL,
  `username` varchar(50) NOT NULL,
  `password` varchar(255) NOT NULL,
  `role` varchar(255) NOT NULL
) ENGINE=InnoDB DEFAULT CHARSET=utf8mb4;

--
-- Volcado de datos para la tabla `user`
--

INSERT INTO `user` (`id`, `username`, `password`, `role`) VALUES
(1, 'admin', '$2y$10$cS62drEIgXPKFHKsMqO6BuXWtjGJ1uUgExPWZ1xh6wqUmg6Xomefm', 'ROLE_ADMIN'),
(12, 'user', '$2y$10$yqL38KsyeBdNrKy11SYnbuJBbQlu59fYtdLY92tfYvB0g1ResQMc6', 'ROLE_USER');

--
-- Índices para tablas volcadas
--

--
-- Indices de la tabla `category`
--
ALTER TABLE `category`
  ADD PRIMARY KEY (`id`);

--
-- Indices de la tabla `news`
--
ALTER TABLE `news`
  ADD PRIMARY KEY (`id`),
  ADD KEY `categoryId` (`categoryId`);
ALTER TABLE `news` ADD FULLTEXT KEY `title` (`title`);

--
-- Indices de la tabla `user`
--
ALTER TABLE `user`
  ADD PRIMARY KEY (`id`),
  ADD KEY `name` (`username`);
ALTER TABLE `user` ADD FULLTEXT KEY `role` (`role`);
ALTER TABLE `user` ADD FULLTEXT KEY `password` (`password`);

--
-- AUTO_INCREMENT de las tablas volcadas
--

--
-- AUTO_INCREMENT de la tabla `category`
--
ALTER TABLE `category`
  MODIFY `id` int(11) NOT NULL AUTO_INCREMENT, AUTO_INCREMENT=46;

--
-- AUTO_INCREMENT de la tabla `news`
--
ALTER TABLE `news`
  MODIFY `id` int(11) NOT NULL AUTO_INCREMENT, AUTO_INCREMENT=189;

--
-- AUTO_INCREMENT de la tabla `user`
--
ALTER TABLE `user`
  MODIFY `id` int(11) NOT NULL AUTO_INCREMENT, AUTO_INCREMENT=18;

--
-- Restricciones para tablas volcadas
--

--
-- Filtros para la tabla `news`
--
ALTER TABLE `news`
  ADD CONSTRAINT `fk_cat` FOREIGN KEY (`categoryId`) REFERENCES `category` (`id`) ON DELETE CASCADE;
COMMIT;

/*!40101 SET CHARACTER_SET_CLIENT=@OLD_CHARACTER_SET_CLIENT */;
/*!40101 SET CHARACTER_SET_RESULTS=@OLD_CHARACTER_SET_RESULTS */;
/*!40101 SET COLLATION_CONNECTION=@OLD_COLLATION_CONNECTION */;
